{
  "Pokemons": [
    {
      "Pokemon": {
        "value": 5.0,
        "type": -1,
        "pos": "35.20273974670703,32.10439601193746,0.0"
      }
    },
    {
      "Pokemon": {
        "value": 8.0,
        "type": -1,
        "pos": "35.189541903742466,32.10714473742062,0.0"
      }
    },
    {
      "Pokemon": {
        "value": 13.0,
        "type": 1,
        "pos": "35.198546018801096,32.10442041371198,0.0"
      }
    }
  ]
}
