{
  "Agents": [
    {
      "Agent": {
        "id": 0,
        "value": 0.0,
        "src": 0,
        "dest": 1,
        "speed": 1.0,
        "pos": "35.18753053591606,32.10378225882353,0.0"
      },
      "Agent_1": {
        "id": 1,
        "value": 0.0,
        "src": 0,
        "dest": 1,
        "speed": 1.0,
        "pos": "35.18753053591606,32.10378225882353,0.0"
      },
      "Agent_2": {
        "id": 2,
        "value": 0.0,
        "src": 0,
        "dest": 1,
        "speed": 1.0,
        "pos": "35.18753053591606,32.10378225882353,0.0"
      }
    }
  ]
}
