{
  "Pokemons": [
    {
      "Pokemon": {
        "value": 5.0,
        "type": -1,
        "pos": "35.20392770907119,32.10833067124629,0.0"
      }
    }
  ]
}
