{
  "Pokemons": [
    {
      "Pokemon": {
        "value": 5.0,
        "type": -1,
        "pos": "35.20392770907119,32.10833067124629,0.0"
      }
    },
    {
      "Pokemon": {
        "value": 8.0,
        "type": -1,
        "pos": "35.20622459040522,32.101281022067994,0.0"
      }
    },
    {
      "Pokemon": {
        "value": 5.0,
        "type": -1,
        "pos": "35.21200574506042,32.105721621191464,0.0"
      }
    },
    {
      "Pokemon": {
        "value": 9.0,
        "type": 1,
        "pos": "35.212532074496366,32.106982780342726,0.0"
      }
    }
  ]
}
